Bezirk,Domain,Status,Auth Code
nak-albstadt.de,nak-dusslingen.de,free,
nak-albstadt.de,nak-gammertingen.de,free,
nak-albstadt.de,nak-hechingen.de,free,
nak-albstadt.de,nak-moessingen.de,free,
nak-albstadt.de,nak-nehren.de,free,
nak-albstadt.de,nak-ofterdingen.de,free,
nak-albstadt.de,nak-moessingen-talheim.de,free,
nak-augsburg.de,nak-asbach-baeumenheim.de,free,
nak-augsburg.de,nak-augsburg-baerenkeller.de,free,
nak-augsburg.de,nak-augsburg-goeggingen.de,free,
nak-augsburg.de,nak-augsburg-haunstetten.de,free,
nak-augsburg.de,nak-augsburg-stettenstrasse.de,free,
nak-augsburg.de,nak-gersthofen.de,free,
nak-augsburg.de,nak-guenzburg.de,connect,
nak-augsburg.de,nak-landsberg.de,free,
nak-augsburg.de,nak-leipheim.de,free,
nak-augsburg.de,nak-meitingen.de,free,
nak-augsburg.de,nak-neusaess.de,free,
nak-augsburg.de,nak-schwabmuenchen.de,free,
nak-ulm.de,nak-strass.de,connect,
nak-augsburg.de,nak-wertingen.de,free,
nak-backnang.de,nak-aspach.de,free,
nak-backnang.de,nak-backnang.de,connect,
nak-backnang.de,nak-burgstall.de,free,
nak-backnang.de,nak-fichtenberg.de,free,
nak-backnang.de,nak-gaildorf.de,connect,
nak-backnang.de,nak-kirchberg.de,free,
nak-backnang.de,nak-lippoldsweiler.de,free,
nak-backnang.de,nak-mainhardt.de,free,
nak-backnang.de,nak-murrhardt.de,free,
nak-backnang.de,nak-neulautern.de,free,
nak-backnang.de,nak-oppenweiler.de,free,
nak-backnang.de,nak-sulzbach.de,connect,
nak-backnang.de,nak-unterbrueden.de,free,
nak-backnang.de,nak-wuestenrot.de,free,
nak-bamberg.de,nak-bad-kissingen.de,free,
nak-bamberg.de,nak-bad-neustadt.de,free,
nak-bamberg.de,nak-coburg.de,free,
nak-bamberg.de,nak-gaustadt.de,free,
nak-bamberg.de,nak-hassfurt.de,connect,
nak-bamberg.de,nak-kronach.de,free,
nak-bamberg.de,nak-lichtenfels.de,free,
nak-bamberg.de,nak-neustadt-bei-coburg.de,free,
nak-bamberg.de,nak-schweinfurt.de,connect,
nak-bietigheim-bissingen.de,nak-bietigheim-bissingen.de,connect,
nak-bietigheim-bissingen.de,nak-ensingen.de,free,
nak-bietigheim-bissingen.de,nak-freudental.de,free,
nak-bietigheim-bissingen.de,nak-friolzheim.de,free,
nak-bietigheim-bissingen.de,nak-hohenhaslach.de,free,
nak-bietigheim-bissingen.de,nak-horrheim.de,free,
nak-bietigheim-bissingen.de,nak-illingen.de,free,
nak-bietigheim-bissingen.de,nak-ingersheim.de,free,
nak-bietigheim-bissingen.de,nak-markgroeningen.de,free,
nak-bietigheim-bissingen.de,nak-metterzimmern.de,free,
nak-bietigheim-bissingen.de,nak-eberdingen-nussdorf.de,free,
nak-bietigheim-bissingen.de,nak-oberriexingen.de,free,
nak-bietigheim-bissingen.de,nak-sachsenheim.de,connect,
nak-bietigheim-bissingen.de,nak-sersheim.de,free,
nak-bietigheim-bissingen.de,nak-vaihingen-enz.de,free,
nak-bietigheim-bissingen.de,nak-wiernsheim.de,free,
nak-bretten.de,nak-eppingen.de,free,
nak-bretten.de,nak-freudenstein.de,free,
nak-bretten.de,nak-gondelsheim.de,free,
nak-bretten.de,nak-knittlingen.de,connect,
nak-bretten.de,nak-maulbronn.de,free,
nak-bretten.de,nak-oberderdingen.de,free,
nak-bretten.de,nak-oelbronn.de,connect,
nak-bretten.de,nak-rinklingen.de,free,
nak-bretten.de,nak-sulzfeld.de,free,
nak-bruchsal.de,nak-bad-schoenborn.de,free,
nak-bruchsal.de,nak-bruchsal-heidelsheim.de,free,
nak-bruchsal.de,nak-ka-neureut.de,free,
nak-bruchsal.de,nak-kraichtal.de,free,
nak-bruchsal.de,nak-linkenheim.de,free,
nak-bruchsal.de,nak-friedrichstal.de,free,
nak-bruchsal.de,nak-weingarten.de,free,
nak-calw.de,nak-bad-liebenzell.de,free,
nak-calw.de,nak-bad-teinach.de,free,
nak-calw.de,nak-bad-wildbad.de,free,
nak-calw.de,nak-calw-holzbronn.de,free,
nak-calw.de,nak-calw-stammheim.de,free,
nak-calw.de,nak-neubulach.de,free,
nak-calw.de,nak-neuenbuerg.de,free,
nak-calw.de,nak-oberreichenbach.de,free,
nak-calw.de,nak-schwann.de,free,
nak-calw.de,nak-wildberg.de,free,
nak-dornhan.de,nak-aistaig.de,free,
nak-dornhan.de,nak-alpirsbach.de,free,
nak-dornhan.de,nak-bergfelden.de,free,
nak-dornhan.de,nak-betzweiler.de,free,
nak-dornhan.de,nak-fluorn.de,free,
nak-dornhan.de,nak-haslach.de,free,
nak-dornhan.de,nak-hochmoessingen.de,free,
nak-dornhan.de,nak-lindenhof.de,free,
nak-dornhan.de,nak-oberndorf.de,free,
nak-dornhan.de,nak-roetenberg.de,free,
nak-dornhan.de,nak-schramberg.de,free,
nak-dornhan.de,nak-sigmarswangen.de,free,
nak-dornhan.de,nak-sulgen.de,free,
nak-dornhan.de,nak-sulz.de,free,
nak-dornhan.de,nak-voehringen.de,free,
nak-dornhan.de,nak-wittershausen.de,free,
nak-dornhan.de,nak-wolfach.de,free,
nak-eberbach.de,nak-bammental.de,connect,
nak-eberbach.de,nak-buchen.de,connect,
nak-eberbach.de,nak-darsberg.de,connect,
nak-eberbach.de,nak-epfenbach.de,connect,
nak-eberbach.de,nak-eschelbronn.de,connect,
nak-eberbach.de,nak-hassmersheim.de,connect,
nak-eberbach.de,nak-michelstadt.de,connect,
nak-eberbach.de,nak-mosbach.de,connect,
nak-eberbach.de,nak-mueckenloch.de,connect,
nak-eberbach.de,nak-neckarbischofsheim.de,free,
nak-eberbach.de,nak-sinsheim.de,connect,
nak-esslingen.de,nak-altbach.de,free,
nak-esslingen.de,nak-baltmannsweiler.de,free,
nak-esslingen.de,nak-berkheim.de,free,
nak-esslingen.de,nak-denkendorf.de,free,
nak-esslingen.de,nak-mettingen.de,free,
nak-esslingen.de,nak-neuhausen.de,free,
nak-esslingen.de,nak-plochingen.de,free,
nak-esslingen.de,nak-sulzgries.de,free,
nak-esslingen.de,nak-waeldenbronn.de,free,
nak-freiburg-offenburg.de,nak-bad-krozingen.de,free,
nak-freiburg-offenburg.de,nak-bischoffingen.de,free,
nak-freiburg-offenburg.de,nak-boetzingen.de,free,
nak-freiburg-offenburg.de,nak-breisach.de,free,
nak-freiburg-offenburg.de,nak-denzlingen.de,free,
nak-freiburg-offenburg.de,nak-emmendingen.de,free,
nak-freiburg-offenburg.de,nak-freiburg-ost.de,free,
nak-freiburg-offenburg.de,nak-fr-weingarten.de,free,
nak-freiburg-offenburg.de,nak-freiamt.de,free,
nak-freiburg-offenburg.de,nak-koendringen.de,free,
nak-freiburg-offenburg.de,nak-muellheim.de,free,
nak-freiburg-offenburg.de,nak-titisee-neustadt.de,free,
nak-freiburg-offenburg.de,nak-waldkirch.de,free,
nak-freiburg-offenburg.de,nak-wolfenweiler.de,free,
nak-freudenstadt.de,nak-klosterreichenbach.de,free,
nak-freudenstadt.de,nak-mittellangenbach.de,free,
nak-freudenstadt.de,nak-roet.de,free,
nak-freudenstadt.de,nak-tonbach.de,free,
nak-freudenstadt.de,nak-baiersbronn.de,free,
nak-freudenstadt.de,nak-besenfeld.de,free,
nak-freudenstadt.de,nak-dietersweiler.de,free,
nak-freudenstadt.de,nak-dornstetten.de,free,
nak-freudenstadt.de,nak-erzgrube.de,free,
nak-freudenstadt.de,nak-glatten.de,free,
nak-freudenstadt.de,nak-lossburg.de,free,
nak-freudenstadt.de,nak-musbach.de,free,
nak-freudenstadt.de,nak-schopfloch.de,free,
nak-freudenstadt.de,nak-wittlensweiler.de,free,
nak-goeppingen.de,nak-adelberg.de,free,
nak-goeppingen.de,nak-albershausen.de,free,
nak-goeppingen.de,nak-bad-boll.de,free,
nak-goeppingen.de,nak-bartenbach.de,free,
nak-goeppingen.de,nak-ebersbach.de,free,
nak-goeppingen.de,nak-eislingen.de,connect,
nak-goeppingen.de,nak-faurndau.de,free,
nak-goeppingen.de,nak-hattenhofen.de,free,
nak-goeppingen.de,nak-maitis.de,free,
nak-goeppingen.de,nak-nassach.de,free,
nak-goeppingen.de,nak-suessen.de,free,
nak-goeppingen.de,nak-uhingen.de,free,
nak-heidelberg.de,nak-heidelberg-neuenheim.de,free,
nak-heidelberg.de,nak-hd-rohrbach.de,free,
nak-heidelberg.de,nak-hd-wieblingen.de,free,
nak-heidelberg.de,nak-edingen.de,free,
nak-heidelberg.de,nak-sandhausen.de,free,
nak-heidelberg.de,nak-schriesheim.de,free,
nak-heidelberg.de,nak-wiesloch.de,free,
nak-heidelberg.de,nak-wilhelmsfeld.de,free,
nak-heidenheim.de,nak-altheim.de,free,
nak-heidenheim.de,nak-aufhausen.de,free,
nak-heidenheim.de,nak-geislingen.de,free,
nak-heidenheim.de,nak-gerstetten.de,free,
nak-heidenheim.de,nak-giengen.de,free,
nak-heidenheim.de,nak-herbrechtingen.de,free,
nak-heidenheim.de,nak-kuchen.de,free,
nak-heidenheim.de,nak-langenau.de,free,
nak-heidenheim.de,nak-nattheim.de,free,
nak-heidenheim.de,nak-niederstotzingen.de,free,
nak-heidenheim.de,nak-sontheim.de,free,
nak-heidenheim.de,nak-steinheim.de,free,
nak-heidenheim.de,nak-wiesensteig.de,free,
nak-hn.de,nak-bad-friedrichshall.de,free,
nak-hn.de,nak-bad-rappennau.de,free,
nak-hn.de,nak-bad-wimpfen.de,free,
nak-hn.de,nak-besigheim.de,connect,
nak-hn.de,nak-boennigheim.de,free,
nak-hn.de,nak-ellhofen.de,free,
nak-hn.de,nak-grossbottwar.de,free,
nak-hn.de,nak-gueglingen.de,free,
nak-hn.de,nak-hn-boeckingen.de,free,
nak-hn.de,nak-hn-horkheim.de,free,
nak-hn.de,nak-hn-pfuehl.de,free,
nak-hn.de,nak-ilsfeld.de,free,
nak-hn.de,nak-lauffen.de,free,
nak-hn.de,nak-leingarten.de,connect,
nak-hn.de,nak-mundelsheim.de,free,
nak-hn.de,nak-nordheim.de,connect,
nak-hn.de,nak-oberstenfeld.de,free,
nak-hn.de,nak-weinsberg.de,free,
nak-hof.de,nak-bayreuth.de,free,
nak-hof.de,nak-kulmbach.de,free,
nak-hof.de,nak-marktredwitz.de,free,
nak-hof.de,nak-muenchberg.de,free,
nak-hof.de,nak-naila.de,free,
nak-hof.de,nak-pegnitz.de,free,
nak-karlsruhe.de,nak-achern.de,free,
nak-karlsruhe.de,nak-bad-herrenalb.de,free,
nak-karlsruhe.de,nak-baden-baden.de,connect,
nak-karlsruhe.de,nak-buehl.de,free,
nak-karlsruhe.de,nak-durlach.de,free,
nak-karlsruhe.de,nak-ettlingen.de,free,
nak-karlsruhe.de,nak-gaggenau.de,free,
nak-karlsruhe.de,nak-gernsbach.de,free,
nak-karlsruhe.de,nak-ka-groetzingen.de,free,
nak-karlsruhe.de,nak-bad-herrenalb.de,free,
nak-karlsruhe.de,nak-ittersbach.de,free,
nak-karlsruhe.de,nak-ka-mitte.de,free,
nak-karlsruhe.de,nak-ka-weiherfeld.de,free,
nak-karlsruhe.de,nak-ka-knielingen.de,free,
nak-karlsruhe.de,nak-langensteinbach.de,free,
nak-karlsruhe.de,nak-lichtenau.de,free,
nak-karlsruhe.de,nak-loffenau.de,free,
nak-karlsruhe.de,nak-malsch.de,connect,Gh/gU7/C
nak-karlsruhe.de,nak-ka-nordost.de,free,
nak-karlsruhe.de,nak-ka-sued.de,free,
nak-karlsruhe.de,nak-ka-weiherfeld.de,free,
nak-karlsruhe.de,nak-ka-west.de,free,
nak-kempten.de,nak-blaichach.de,free,
nak-kempten.de,nak-dietmannsried.de,free,
nak-kempten.de,nak-immenstadt.de,free,
nak-kempten.de,nak-isny.de,free,
nak-kempten.de,nak-ke-sankt-mang.de,free,
nak-kempten.de,nak-kempten-ost.de,free,
nak-kempten.de,nak-kempten-sued.de,free,
nak-kempten.de,nak-lindenberg.de,free,
nak-kempten.de,nak-oberguenzburg.de,free,
nak-kempten.de,nak-oberstaufen.de,free,
nak-kempten.de,nak-oberstdorf.de,free,
nak-kempten.de,nak-seltmans.de,free,
nak-kempten.de,nak-sonthofen.de,connect,
nak-kempten.de,nak-waltenhofen.de,free,
nak-kempten.de,nak-weiler.de,connect,
nak-kirchheim.de,nak-dettingen.de,free,
nak-kirchheim.de,nak-erkenbrechtsweiler.de,free,
nak-kirchheim.de,nak-koengen.de,free,
nak-kirchheim.de,nak-lenningen.de,free,
nak-kirchheim.de,nak-oetlingen.de,free,
nak-kirchheim.de,nak-ohmden.de,free,
nak-kirchheim.de,nak-schlierbach.de,free,
nak-kirchheim.de,nak-weilheim.de,free,
nak-kirchheim.de,nak-wendlingen.de,free,
nak-kuenzelsau.de,nak-bitzfeld.de,free,
nak-kuenzelsau.de,nak-waldbach.de,free,
nak-kuenzelsau.de,nak-ernsbach.de,free,
nak-kuenzelsau.de,nak-ingelfingen.de,free,
nak-kuenzelsau.de,nak-gaisbach.de,free,
nak-kuenzelsau.de,nak-moeckmuehl.de,free,
nak-kuenzelsau.de,nak-neuenstadt.de,free,
nak-kuenzelsau.de,nak-neuenstein.de,free,
nak-kuenzelsau.de,nak-eschenau.de,free,
nak-kuenzelsau.de,nak-oehringen.de,free,
nak-landshut.de,nak-deggendorf.de,free,
nak-landshut.de,nak-dingolfing.de,free,
nak-landshut.de,nak-kelheim.de,free,
nak-landshut.de,nak-landau.de,connect,
nak-landshut.de,nak-landshut.de,connect,
nak-landshut.de,nak-moosburg.de,connect,
nak-landshut.de,nak-passau.de,connect,
nak-landshut.de,nak-pielmuehle.de,free,
nak-landshut.de,nak-plattling.de,free,
nak-landshut.de,nak-regensburg.de,free,
nak-landshut.de,nak-straubing.de,free,
nak-landshut.de,nak-vilshofen.de,free,
nak-landshut.de,nak-zwiesel.de,free,
nak-loerrach.de,nak-bad-saeckingen.de,free,
nak-loerrach.de,nak-bonndorf.de,free,
nak-loerrach.de,nak-grenzach-wyhlen.de,free,
nak-loerrach.de,nak-haeusern.de,connect,
nak-loerrach.de,nak-jestetten.de,free,
nak-loerrach.de,nak-laufenburg.de,free,
nak-loerrach.de,nak-loerrach.de,connect,
nak-loerrach.de,nak-maulburg.de,free,
nak-loerrach.de,nak-rheinfelden.de,free,
nak-loerrach.de,nak-schopfheim.de,free,
nak-loerrach.de,nak-steinen.de,free,
nak-loerrach.de,nak-tiengen.de,free,
nak-loerrach.de,nak-waldshut.de,connect,
nak-loerrach.de,nak-wehr.de,free,
nak-loerrach.de,nak-weil.de,free,
nak-loerrach.de,nak-zell.de,free,
nak-mannheim-weinheim.de,nak-ma-gartenstadt.de,free,
nak-mannheim-weinheim.de,nak-hockenheim.de,free,
nak-mannheim-weinheim.de,nak-ma-moselstrasse.de,free,
nak-mannheim-weinheim.de,nak-ma-rheinau.de,free,
nak-mannheim-weinheim.de,nak-ma-sandhofen.de,free,
nak-mannheim-weinheim.de,nak-schwetzingen.de,free,
nak-mannheim-weinheim.de,nak-ma-vogelstang.de,free,
nak-memmingen.de,nak-aitrach.de,free,
nak-memmingen.de,nak-babenhausen.de,free,
nak-memmingen.de,nak-bad-woerishofen.de,free,
nak-memmingen.de,nak-bad-wurzach.de,connect,
nak-memmingen.de,nak-buchloe.de,free,
nak-memmingen.de,nak-illertissen.de,free,
nak-memmingen.de,nak-kirchdorf.de,free,
nak-memmingen.de,nak-krumbach.de,free,
nak-memmingen.de,nak-leutkirch.de,free,
nak-memmingen.de,nak-mindelheim.de,free,
nak-memmingen.de,nak-voehringen-iller.de,free,
nak-memmingen.de,nak-wain.de,free,
nak-muenchen.de,nak-muenchen-allach.de,free,
nak-muenchen.de,nak-muenchen-bogenhausen.de,free,
nak-muenchen.de,nak-dachau.de,connect,
nak-muenchen.de,nak-erding.de,connect,
nak-muenchen.de,nak-freising.de,connect,
nak-muenchen.de,nak-fuerstenfeldbruck.de,free,
nak-muenchen.de,nak-garching.de,connect,
nak-muenchen.de,nak-groebenzell.de,connect,
nak-muenchen.de,nak-muenchen-harthof.de,free,
nak-muenchen.de,nak-muenchen-laim.de,free,
nak-muenchen.de,nak-muenchen-moosach.de,free,
nak-muenchen.de,nak-muenchen-neuhausen.de,connect,
nak-muenchen.de,nak-oberschleissheim.de,connect,
nak-nagold.de,nak-altensteig.de,free,
nak-nagold.de,nak-ebershardt.de,free,
nak-nagold.de,nak-egenhausen.de,free,
nak-nagold.de,nak-enzkloesterle.de,free,
nak-nagold.de,nak-haiterbach.de,free,
nak-nagold.de,nak-horb.de,free,
nak-nagold.de,nak-muehringen.de,free,
nak-nagold.de,nak-pfalzgrafenweiler.de,free,
nak-nagold.de,nak-rotfelden.de,free,
nak-nagold.de,nak-simmersfeld.de,free,
nak-nagold.de,nak-spielberg.de,free,
nak-noerdlingen.de,nak-dinkelsbuehl.de,free,
nak-noerdlingen.de,nak-donauwoerth.de,free,
nak-noerdlingen.de,nak-gunzenhausen.de,free,
nak-noerdlingen.de,nak-harburg.de,free,
nak-noerdlingen.de,nak-lauingen.de,free,
nak-noerdlingen.de,nak-moenchsdeggingen.de,free,
nak-noerdlingen.de,nak-noerdlingen.de,connect,
nak-noerdlingen.de,nak-rudelstetten.de,free,
nak-noerdlingen.de,nak-wassertruedingen.de,free,
nak-noerdlingen.de,nak-weissenburg.de,free,
nak-nuernberg.de,nak-altdorf.de,free,
nak-nuernberg.de,nak-amberg.de,free,
nak-nuernberg.de,nak-ansbach.de,free,
nak-nuernberg.de,nak-badwindsheim.de,free,
nak-nuernberg.de,nak-cham.de,free,
nak-nuernberg.de,nak-erlangen.de,free,
nak-nuernberg.de,nak-feucht.de,free,
nak-nuernberg.de,nak-forchheim.de,free,
nak-nuernberg.de,nak-fuerth.de,free,
nak-nuernberg.de,nak-hersbruck.de,free,
nak-nuernberg.de,nak-herzogenaurach.de,free,
nak-nuernberg.de,nak-hoechstadt-aisch.de,free,
nak-nuernberg.de,nak-karlstadt.de,free,
nak-nuernberg.de,nak-kitzingen.de,free,
nak-nuernberg.de,nak-lauf.de,free,
nak-nuernberg.de,nak-neumarkt.de,free,
nak-nuernberg.de,nak-neustadt-aisch.de,free,
nak-nuernberg.de,nak-nuernberg-mitte.de,free,
nak-nuernberg.de,nak-nuernberg-nord.de,free,
nak-nuernberg.de,nak-nuernberg-ost.de,free,
nak-nuernberg.de,nak-nuernberg-suedwest.de,free,
nak-nuernberg.de,nak-ochsenfurt.de,free,
nak-nuernberg.de,nak-roth.de,free,
nak-nuernberg.de,nak-schwabach.de,free,
nak-nuernberg.de,nak-schwandorf.de,free,
nak-nuernberg.de,nak-weiden.de,connect,
nak-nuernberg.de,nak-wilhermsdorf.de,free,
nak-nuernberg.de,nak-wuerzburg.de,free,
nak-nuernberg.de,nak-zirndorf.de,free,
nak-nuertingen.de,nak-aichtal-neuenhaus.de,free,
nak-nuertingen.de,nak-bad-urach.de,free,
nak-nuertingen.de,nak-filderstadt-sielmingen.de,free,
nak-nuertingen.de,nak-frickenhausen.de,free,
nak-nuertingen.de,nak-grafenberg.de,free,
nak-nuertingen.de,nak-grossbettlingen.de,free,
nak-nuertingen.de,nak-metzingen.de,free,
nak-nuertingen.de,nak-muensingen.de,free,
nak-nuertingen.de,nak-neckartenzlingen.de,free,
nak-nuertingen.de,nak-nuertingen-reudern.de,free,
nak-nuertingen.de,nak-nuertingen.de,connect,
nak-nuertingen.de,nak-oberboihingen.de,free,
nak-nuertingen.de,nak-st-johann-upfingen.de,free,
nak-nuertingen.de,nak-wolfschlugen.de,connect,
nak-freiburg-offenburg.de,nak-gengenbach.de,free,
nak-freiburg-offenburg.de,nak-herbolzheim.de,connect,
nak-freiburg-offenburg.de,nak-kehl.de,free,
nak-freiburg-offenburg.de,nak-lahr.de,free,
nak-freiburg-offenburg.de,nak-meissenheim.de,free,
nak-freiburg-offenburg.de,nak-offenburg.de,connect,
nak-freiburg-offenburg.de,nak-renchen.de,free,
nak-peiting.de,nak-fuessen.de,free,
nak-peiting.de,nak-garmisch.de,free,
nak-peiting.de,nak-kaufbeuren.de,free,
nak-peiting.de,nak-marktoberdorf.de,free,
nak-peiting.de,nak-murnau.de,free,
nak-peiting.de,nak-peissenberg.de,free,
nak-peiting.de,nak-pfronten.de,free,
nak-peiting.de,nak-schongau.de,free,
nak-peiting.de,nak-weilheim.de,free,
nak-pforzheim.de,nak-pforzheim-bayernstrasse.de,free,
nak-pforzheim.de,nak-birkenfeld.de,free,
nak-pforzheim.de,nak-pforzheim-broetzingen.de,free,
nak-pforzheim.de,nak-pforzheim-buckenberg.de,free,
nak-pforzheim.de,nak-pforzheim-buechenbronn.de,free,
nak-pforzheim.de,nak-eisingen.de,free,
nak-pforzheim.de,nak-engelsbrand.de,free,
nak-pforzheim.de,nak-graefenhausen.de,free,
nak-pforzheim.de,nak-grunbach.de,free,
nak-pforzheim.de,nak-ispringen.de,free,
nak-pforzheim.de,nak-kieselbronn.de,free,
nak-pforzheim.de,nak-muehlacker.de,free,
nak-pforzheim.de,nak-neulingen.de,free,
nak-pforzheim.de,nak-niefern.de,free,
nak-pforzheim.de,nak-oetisheim.de,free,
nak-pforzheim.de,nak-pforzheim-wuerm.de,free,
nak-ravensburg.de,nak-bad-saulgau.de,free,
nak-ravensburg.de,nak-bad-waldsee.de,free,
nak-ravensburg.de,nak-fischbach.de,free,
nak-ravensburg.de,nak-friedrichshafen.de,free,
nak-ravensburg.de,nak-langenargen.de,free,
nak-ravensburg.de,nak-lindau.de,free,
nak-ravensburg.de,nak-markdorf.de,free,
nak-ravensburg.de,nak-ravensburg.de,connect,
nak-ravensburg.de,nak-tettnang.de,free,
nak-ravensburg.de,nak-wangen.de,free,
nak-reutlingen.de,nak-degerschlacht.de,free,
nak-reutlingen.de,nak-engstingen.de,free,
nak-reutlingen.de,nak-eningen.de,free,
nak-reutlingen.de,nak-gomaringen.de,free,
nak-reutlingen.de,nak-hohenstein.de,free,
nak-reutlingen.de,nak-kusterdingen.de,free,
nak-reutlingen.de,nak-lichtenstein-unterhausen.de,free,
nak-reutlingen.de,nak-maehringen.de,free,
nak-reutlingen.de,nak-pfullingen.de,free,
nak-reutlingen.de,nak-pliezhausen.de,free,
nak-reutlingen.de,nak-goenningen.de,free,
nak-reutlingen.de,nak-ohmenhausen.de,free,
nak-reutlingen.de,nak-sondelfingen.de,free,
nak-reutlingen.de,nak-reutlingen-sued.de,free,
nak-reutlingen.de,nak-reutlingen-west.de,free,
nak-reutlingen.de,nak-rommelsbach.de,free,
nak-reutlingen.de,nak-ruebgarten.de,free,
nak-reutlingen.de,nak-sickenhausen.de,free,
nak-reutlingen.de,nak-sonnenbuehl.de,free,
nak-reutlingen.de,nak-walddorfhaeslach.de,free,
nak-reutlingen.de,nak-wannweil.de,free,
nak-rosenheim.de,nak-bad-aibling.de,free,
nak-rosenheim.de,nak-bad-reichenhall.de,free,
nak-rosenheim.de,nak-burgkirchen.de,free,
nak-rosenheim.de,nak-eggenfelden.de,free,
nak-rosenheim.de,nak-freilassing.de,free,
nak-rosenheim.de,nak-pocking.de,connect,
nak-rosenheim.de,nak-prien.de,free,
nak-rosenheim.de,nak-rosenheim.de,connect,
nak-rosenheim.de,nak-toeging.de,free,
nak-rosenheim.de,nak-traunstein.de,free,
nak-rosenheim.de,nak-trostberg.de,free,
nak-rosenheim.de,nak-waldkraiburg.de,free,
nak-schwaebisch-gmuend.de,nak-aalen.de,free,
nak-schwaebisch-gmuend.de,nak-adelmannsfelden.de,free,
nak-schwaebisch-gmuend.de,nak-althuette.de,free,
nak-schwaebisch-gmuend.de,nak-bopfingen.de,free,
nak-schwaebisch-gmuend.de,nak-ellwangen.de,free,
nak-schwaebisch-gmuend.de,nak-essingen.de,free,
nak-schwaebisch-gmuend.de,nak-lorch.de,free,
nak-schwaebisch-gmuend.de,nak-pluederhausen.de,free,
nak-schwaebisch-gmuend.de,nak-remshalden.de,free,
nak-schwaebisch-gmuend.de,nak-rudersberg.de,free,
nak-schwaebisch-gmuend.de,nak-ruppertshofen.de,free,
nak-schwaebisch-gmuend.de,nak-schorndorf.de,free,
nak-schwaebisch-gmuend.de,nak-schwaebisch-gmuend.de,connect,
nak-schwaebisch-gmuend.de,nak-urbach.de,connect,
nak-schwaebisch-gmuend.de,nak-welzheim.de,free,
nak-schwaebisch-hall.de,nak-badmergentheim.de,free,
nak-schwaebisch-hall.de,nak-blaufelden.de,free,
nak-schwaebisch-hall.de,nak-crailsheim.de,free,
nak-schwaebisch-hall.de,nak-creglingen.de,free,
nak-schwaebisch-hall.de,nak-enslingen.de,free,
nak-schwaebisch-hall.de,nak-hessental.de,free,
nak-schwaebisch-hall.de,nak-ilshofen.de,free,
nak-schwaebisch-hall.de,nak-jagstheim.de,free,
nak-schwaebisch-hall.de,nak-michelfeld.de,free,
nak-schwaebisch-hall.de,nak-obersontheim.de,free,
nak-schwaebisch-hall.de,nak-rollhof.de,free,
nak-schwaebisch-hall.de,nak-rothenburg.de,free,
nak-schwaebisch-hall.de,nak-sailach.de,free,
nak-schwaebisch-hall.de,nak-sanzenbach.de,free,
nak-sindelfingen.de,nak-aidlingen.de,connect,
nak-sindelfingen.de,nak-neuhengstett.de,free,
nak-sindelfingen.de,nak-boeblingen.de,connect,
nak-sindelfingen.de,nak-ehningen.de,connect,
nak-sindelfingen.de,nak-grafenau.de,free,
nak-sindelfingen.de,nak-holzgerlingen.de,connect,
nak-sindelfingen.de,nak-magstadt.de,free,
nak-sindelfingen.de,nak-malmsheim.de,free,
nak-sindelfingen.de,nak-renningen.de,connect,
nak-sindelfingen.de,nak-sindelfingen.de,connect,
nak-sindelfingen.de,nak-weil-merklingen.de,free,
nak-sindelfingen.de,nak-weil-muenklingen.de,free,
nak-sindelfingen.de,nak-weil-der-stadt.de,free,
nak-soellingen.de,nak-berghausen.de,free,
nak-soellingen.de,nak-kleinsteinbach.de,free,
nak-soellingen.de,nak-koenigsbach.de,free,
nak-soellingen.de,nak-mutschelbach.de,free,
nak-soellingen.de,nak-noettingen.de,free,
nak-soellingen.de,nak-remchingen-singen.de,free,
nak-soellingen.de,nak-stein.de,connect,
nak-soellingen.de,nak-woeschbach.de,free,
nak-soellingen.de,nak-woessingen.de,free,
nak-stuttgart-bad-cannstatt.de,nak-berglen-steinach.de,free,
nak-stuttgart-bad-cannstatt.de,nak-korb.de,free,
nak-stuttgart-bad-cannstatt.de,nak-weiler-zum-stein.de,free,
nak-stuttgart-bad-cannstatt.de,nak-remseck.de,free,
nak-stuttgart-bad-cannstatt.de,nak-schwaikheim.de,connect,
nak-stuttgart-bad-cannstatt.de,nak-bad-cannstatt.de,free,
nak-stuttgart-bad-cannstatt.de,nak-stuttgart-muehlhausen.de,free,
nak-stuttgart-bad-cannstatt.de,nak-stuttgart-muenster.de,free,
nak-stuttgart-bad-cannstatt.de,nak-bittenfeld.de,free,
nak-stuttgart-bad-cannstatt.de,nak-hegnach.de,free,
nak-stuttgart-bad-cannstatt.de,nak-hohenacker-neustadt.de,free,
nak-stuttgart-bad-cannstatt.de,nak-waiblingen.de,free,
nak-stuttgart-bad-cannstatt.de,nak-winnenden.de,free,
nak-stuttgart-degerloch.de,nak-bonlanden.de,free,
nak-stuttgart-degerloch.de,nak-degerloch.de,free,
nak-stuttgart-degerloch.de,nak-dettenhausen.de,free,
nak-stuttgart-degerloch.de,nak-echterdingen.de,free,
nak-stuttgart-degerloch.de,nak-leinfelden.de,connect,
nak-stuttgart-degerloch.de,nak-moehringen.de,free,
nak-stuttgart-degerloch.de,nak-plattenhardt.de,free,
nak-stuttgart-degerloch.de,nak-plieningen.de,free,
nak-stuttgart-degerloch.de,nak-schoenaich.de,free,
nak-stuttgart-degerloch.de,nak-steinenbronn.de,free,
nak-stuttgart-degerloch.de,nak-vaihingen.de,free,
nak-stuttgart-degerloch.de,nak-weil.de,free,
nak-stuttgart-fellbach.de,nak-aichwald.de,free,
nak-stuttgart-fellbach.de,nak-fellbach.de,free,
nak-stuttgart-fellbach.de,nak-rommelshausen.de,free,
nak-stuttgart-fellbach.de,nak-kernen-stetten.de,free,
nak-stuttgart-fellbach.de,nak-ostfildern.de,free,
nak-stuttgart-fellbach.de,nak-feuerbach.de,free,
nak-stuttgart-fellbach.de,nak-stuttgart-ost.de,free,
nak-stuttgart-fellbach.de,nak-rohracker.de,free,
nak-stuttgart-fellbach.de,nak-sillenbuch.de,free,
nak-stuttgart-fellbach.de,nak-untertuerkheim.de,free,
nak-stuttgart-fellbach.de,nak-stuttgart-west.de,free,
nak-stuttgart-fellbach.de,nak-beutelsbach.de,free,
nak-stuttgart-fellbach.de,nak-endersbach.de,free,
nak-stuttgart-leonberg.de,nak-ditzingen-heimerdingen.de,free,
nak-stuttgart-leonberg.de,nak-ditzingen.de,free,
nak-stuttgart-leonberg.de,nak-gerlingen.de,free,
nak-stuttgart-leonberg.de,nak-heimsheim.de,free,
nak-stuttgart-leonberg.de,nak-hemmingen.de,connect,
nak-stuttgart-leonberg.de,nak-leonberg-hoefingen.de,free,
nak-stuttgart-leonberg.de,nak-leonberg.de,free,
nak-stuttgart-leonberg.de,nak-rutesheim.de,free,
nak-stuttgart-leonberg.de,nak-schwieberdingen.de,free,
nak-stuttgart-leonberg.de,nak-stuttgart-heslach.de,free,
nak-stuttgart-leonberg.de,nak-stuttgart-sued.de,free,
nak-stuttgart-leonberg.de,nak-stuttgart-weilimdorf.de,free,
nak-stuttgart-leonberg.de,nak-weissach.de,free,
nak-stuttgart-ludwigsburg.de,nak-asperg.de,free,
nak-stuttgart-ludwigsburg.de,nak-freiberg.de,free,
nak-stuttgart-ludwigsburg.de,nak-korntal.de,connect,
nak-stuttgart-ludwigsburg.de,nak-kornwestheim.de,free,
nak-stuttgart-ludwigsburg.de,nak-ludwigsburg.de,free,
nak-stuttgart-ludwigsburg.de,nak-marbach.de,free,
nak-stuttgart-ludwigsburg.de,nak-neuwirtshaus.de,free,
nak-stuttgart-ludwigsburg.de,nak-ossweil.de,free,
nak-stuttgart-ludwigsburg.de,nak-poppenweiler.de,free,
nak-stuttgart-ludwigsburg.de,nak-stammheim.de,free,
nak-stuttgart-ludwigsburg.de,nak-steinheim.de,free,
nak-stuttgart-ludwigsburg.de,nak-tamm-italiano.de,free,
nak-stuttgart-ludwigsburg.de,nak-tamm.de,free,
nak-stuttgart-ludwigsburg.de,nak-zuffenhausen.de,free,
nak-tuebingen.de,nak-ammerbuch-pfaeffingen.de,free,
nak-tuebingen.de,nak-bondorf.de,free,
nak-tuebingen.de,nak-gaertringen.de,free,
nak-tuebingen.de,nak-gaeufelden-nebringen.de,free,
nak-tuebingen.de,nak-gaeufelden-oeschelbronn.de,free,
nak-tuebingen.de,nak-herrenberg-kuppingen.de,free,
nak-tuebingen.de,nak-herrenberg.de,connect,
nak-tuebingen.de,nak-jettingen.de,free,
nak-tuebingen.de,nak-moetzingen.de,free,
nak-tuebingen.de,nak-neustetten-remmingsheim.de,free,
nak-tuebingen.de,nak-nufringen.de,connect,
nak-tuebingen.de,nak-rottenburg.de,free,
nak-tuebingen.de,nak-tuebingen-pfrondorf.de,free,
nak-tuttlingen.de,nak-engen.de,free,
nak-tuttlingen.de,nak-gailingen.de,free,
nak-tuttlingen.de,nak-immendingen.de,free,
nak-tuttlingen.de,nak-konstanz.de,free,
nak-tuttlingen.de,nak-meersburg.de,free,
nak-tuttlingen.de,nak-messkirch.de,free,
nak-tuttlingen.de,nak-pfullendorf.de,free,
nak-tuttlingen.de,nak-radolfzell.de,free,
nak-tuttlingen.de,nak-salem.de,free,
nak-tuttlingen.de,nak-sigmaringen.de,free,
nak-tuttlingen.de,nak-singen.de,free,
nak-tuttlingen.de,nak-stockach.de,connect,6Nc9EBke2AIQmbDI
nak-tuttlingen.de,nak-ueberlingen.de,free,
nak-ulm.de,nak-asch.de,connect,
nak-ulm.de,nak-beimerstetten.de,connect,
nak-ulm.de,nak-biberach.de,connect,
nak-ulm.de,nak-blaubeuren.de,connect,
nak-ulm.de,nak-blaustein.de,connect,
nak-ulm.de,nak-ehingen.de,connect,
nak-ulm.de,nak-laichingen.de,connect,
nak-ulm.de,nak-laupheim.de,connect,
nak-ulm.de,nak-ludwigsfeld.de,connect,
nak-ulm.de,nak-machtolsheim.de,connect,
nak-ulm.de,nak-mehrstetten.de,connect,
nak-ulm.de,nak-pfuhl.de,connect,
nak-ulm.de,nak-riedlingen.de,connect,
nak-ulm.de,nak-schelklingen.de,connect,
nak-ulm.de,nak-senden.de,connect,
nak-ulm.de,nak-ulm-ost.de,connect,
nak-ulm.de,nak-ulm-west.de,connect,
nak-ulm.de,nak-wiblingen.de,connect,
nak-villingen-schwenningen.de,nak-blumberg.de,free,
nak-villingen-schwenningen.de,nak-furtwangen.de,free,
nak-villingen-schwenningen.de,nak-hornberg.de,connect,
nak-villingen-schwenningen.de,nak-rottweil.de,free,
nak-villingen-schwenningen.de,nak-schoerzingen.de,connect,
nak-villingen-schwenningen.de,nak-schwenningen.de,free,
nak-villingen-schwenningen.de,nak-spaichingen.de,free,
nak-villingen-schwenningen.de,nak-stgeorgen.de,free,
nak-villingen-schwenningen.de,nak-triberg.de,free,
nak-villingen-schwenningen.de,nak-trossingen.de,free,
nak-villingen-schwenningen.de,nak-villingen.de,free,
nak-villingen-schwenningen.de,nak-villingendorf.de,free,
nak-villingen-schwenningen.de,nak-wehingen.de,free,
nak-mannheim-weinheim.de,nak-hemsbach.de,free,
nak-mannheim-weinheim.de,nak-heppenheim.de,free,
nak-mannheim-weinheim.de,nak-ladenburg.de,free,
nak-mannheim-weinheim.de,nak-lampertheim.de,free,
nak-mannheim-weinheim.de,nak-rimbach.de,free,
nak-mannheim-weinheim.de,nak-viernheim.de,free,
nak-mannheim-weinheim.de,nak-wald-michelbach.de,free,
nak-mannheim-weinheim.de,nak-weinheim-hohensachsen.de,free,
nak-mannheim-weinheim.de,nak-weinheim.de,connect,
nak-peiting.de,nak-garmisch-partenkirchen.de,free,
nak-heidelberg.de,nak-heidelberg-werderstrasse.de,free,
nak-heidelberg.de,nak-edingen-neckarhausen.de,free,